true_label,attack_cat,MLS,Threat_Severity,Business_Only_Score,DADE_Score,Decision_A_ML_only,Decision_B_Business_only,Decision_C_DADE
0,Normal,0.0,0.0,0.607,0.434,0,1,0
1,Generic,1.0,0.6,0.625,0.675,1,1,1
1,Generic,1.0,0.6,0.616,0.668,1,1,1
0,Normal,0.0,0.0,0.524,0.374,0,1,0
1,Exploits,1.0,0.8,0.781,0.815,1,1,1
1,Generic,1.0,0.6,0.495,0.582,1,0,1
0,Normal,0.0,0.0,0.447,0.319,0,0,0
1,Exploits,0.97,0.8,0.627,0.701,1,1,1
0,Normal,0.88,0.0,0.592,0.548,1,1,1
1,Exploits,1.0,0.8,0.508,0.62,1,1,1
1,Generic,1.0,0.6,0.69,0.721,1,1,1
0,Normal,0.46,0.0,0.357,0.321,0,0,0
0,Normal,0.0,0.0,0.601,0.43,0,1,0
0,Normal,0.0,0.0,0.596,0.426,0,1,0
0,Normal,0.0,0.0,0.5,0.357,0,1,0
1,Exploits,1.0,0.8,0.669,0.735,1,1,1
0,Normal,0.39,0.0,0.667,0.532,0,1,1
0,Normal,0.0,0.0,0.607,0.433,0,1,0
1,Generic,1.0,0.6,0.661,0.701,1,1,1
0,Normal,0.0,0.0,0.597,0.426,0,1,0
1,Fuzzers,0.945,0.35,0.547,0.576,1,1,1
1,Fuzzers,0.49,0.35,0.859,0.733,0,1,1
1,Fuzzers,1.0,0.35,0.56,0.593,1,1,1
1,Exploits,1.0,0.8,0.756,0.797,1,1,1
0,Normal,0.015,0.0,0.615,0.442,0,1,0
1,Reconnaissance,1.0,0.4,0.67,0.679,1,1,1
1,Exploits,0.91,0.8,0.474,0.583,1,0,1
1,Generic,1.0,0.6,0.679,0.714,1,1,1
0,Normal,0.775,0.0,0.543,0.499,1,1,0
0,Normal,0.0,0.0,0.801,0.572,0,1,1
1,Exploits,1.0,0.8,0.602,0.687,1,1,1
1,Exploits,0.92,0.8,0.517,0.615,1,1,1
1,Generic,0.995,0.6,0.662,0.7,1,1,1
0,Normal,0.0,0.0,0.503,0.359,0,1,0
0,Normal,0.0,0.0,0.335,0.239,0,0,0
0,Normal,0.005,0.0,0.569,0.407,0,1,0
1,Generic,1.0,0.6,0.438,0.542,1,0,1
0,Normal,0.85,0.0,0.667,0.598,1,1,1
0,Normal,0.61,0.0,0.572,0.496,1,1,0
1,Exploits,0.96,0.8,0.454,0.575,1,0,1
1,Exploits,0.96,0.8,0.63,0.702,1,1,1
0,Normal,0.81,0.0,0.67,0.594,1,1,1
0,Normal,0.27,0.0,0.547,0.429,0,1,0
1,Exploits,0.975,0.8,0.56,0.653,1,1,1
0,Normal,0.78,0.0,0.609,0.546,1,1,1
1,Generic,1.0,0.6,0.48,0.572,1,0,1
1,Exploits,0.995,0.8,0.607,0.69,1,1,1
0,Normal,0.275,0.0,0.403,0.327,0,0,0
0,Normal,0.0,0.0,0.439,0.313,0,0,0
0,Normal,0.0,0.0,0.549,0.392,0,1,0
1,Exploits,1.0,0.8,0.661,0.729,1,1,1
0,Normal,0.655,0.0,0.649,0.557,1,1,1
1,Exploits,1.0,0.8,0.553,0.652,1,1,1
1,Generic,1.0,0.6,0.719,0.742,1,1,1
1,Generic,1.0,0.6,0.506,0.59,1,1,1
0,Normal,0.77,0.0,0.645,0.571,1,1,1
1,Generic,1.0,0.6,0.514,0.596,1,1,1
1,Exploits,1.0,0.8,0.716,0.769,1,1,1
1,Generic,0.965,0.6,0.722,0.74,1,1,1
0,Normal,0.0,0.0,0.613,0.438,0,1,0
1,Exploits,1.0,0.8,0.474,0.595,1,0,1
0,Normal,0.0,0.0,0.401,0.287,0,0,0
0,Normal,0.0,0.0,0.62,0.443,0,1,0
1,Generic,1.0,0.6,0.643,0.688,1,1,1
0,Normal,0.0,0.0,0.791,0.565,0,1,1
1,Generic,0.99,0.6,0.624,0.673,1,1,1
1,Generic,1.0,0.6,0.525,0.604,1,1,1
0,Normal,0.76,0.0,0.748,0.643,1,1,1
0,Normal,0.615,0.0,0.661,0.56,1,1,1
0,Normal,0.34,0.0,0.635,0.502,0,1,1
1,Exploits,0.995,0.8,0.486,0.604,1,0,1
0,Normal,0.0,0.0,0.51,0.365,0,1,0
0,Normal,0.64,0.0,0.658,0.561,1,1,1
1,Reconnaissance,1.0,0.4,0.468,0.534,1,0,1
0,Normal,0.0,0.0,0.654,0.467,0,1,0
1,Exploits,0.995,0.8,0.611,0.693,1,1,1
0,Normal,0.845,0.0,0.642,0.579,1,1,1
0,Normal,0.37,0.0,0.819,0.638,0,1,1
0,Normal,0.085,0.0,0.641,0.47,0,1,0
0,Normal,0.0,0.0,0.634,0.453,0,1,0
1,Generic,1.0,0.6,0.581,0.644,1,1,1
0,Normal,0.654,0.0,0.614,0.532,1,1,1
0,Normal,0.0,0.0,0.599,0.428,0,1,0
0,Normal,0.5,0.0,0.688,0.563,1,1,1
1,Generic,1.0,0.6,0.523,0.602,1,1,1
0,Normal,0.165,0.0,0.478,0.365,0,0,0
1,Generic,1.0,0.6,0.466,0.562,1,0,1
1,Generic,1.0,0.6,0.65,0.693,1,1,1
1,Generic,1.0,0.6,0.586,0.647,1,1,1
1,Exploits,0.955,0.8,0.623,0.696,1,1,1
1,DoS,0.965,0.7,0.304,0.455,1,0,0
1,Generic,0.995,0.6,0.532,0.608,1,1,1
1,Exploits,1.0,0.8,0.669,0.735,1,1,1
0,Normal,0.385,0.0,0.509,0.418,0,1,0
0,Normal,0.105,0.0,0.491,0.365,0,0,0
0,Normal,0.605,0.0,0.465,0.418,1,0,0
0,Normal,0.0,0.0,0.534,0.382,0,1,0
0,Normal,0.84,0.0,0.457,0.446,1,0,0
0,Normal,0.375,0.0,0.585,0.471,0,1,0
0,Normal,0.0,0.0,0.648,0.463,0,1,0
1,Exploits,0.995,0.8,0.711,0.764,1,1,1
0,Normal,0.0,0.0,0.577,0.412,0,1,0
1,Generic,1.0,0.6,0.763,0.773,1,1,1
1,Generic,0.985,0.6,0.642,0.685,1,1,1
1,Exploits,0.59,0.8,0.396,0.481,1,0,0
1,Generic,1.0,0.6,0.662,0.701,1,1,1
1,Generic,0.97,0.6,0.591,0.647,1,1,1
1,Analysis,1.0,0.55,0.587,0.641,1,1,1
0,Normal,0.0,0.0,0.429,0.306,0,0,0
1,Generic,0.99,0.6,0.63,0.677,1,1,1
0,Normal,0.8,0.0,0.504,0.474,1,1,0
1,Fuzzers,0.155,0.35,0.722,0.588,0,1,1
0,Normal,0.0,0.0,0.697,0.498,0,1,0
1,Fuzzers,0.615,0.35,0.375,0.406,1,0,0
1,Exploits,0.98,0.8,0.584,0.671,1,1,1
1,DoS,1.0,0.7,0.484,0.588,1,0,1
0,Normal,0.575,0.0,0.484,0.428,1,0,0
1,DoS,1.0,0.7,0.576,0.655,1,1,1
0,Normal,0.825,0.0,0.594,0.542,1,1,1
1,Reconnaissance,1.0,0.4,0.498,0.555,1,0,1
1,Generic,1.0,0.6,0.517,0.598,1,1,1
1,Generic,1.0,0.6,0.689,0.72,1,1,1
0,Normal,0.0,0.0,0.519,0.37,0,1,0
0,Normal,0.985,0.0,0.535,0.523,1,1,1
0,Normal,0.0,0.0,0.454,0.324,0,0,0
1,Exploits,1.0,0.8,0.654,0.724,1,1,1
1,Generic,1.0,0.6,0.606,0.661,1,1,1
1,Generic,0.995,0.6,0.646,0.689,1,1,1
1,Analysis,0.975,0.55,0.572,0.626,1,1,1
0,Normal,0.0,0.0,0.444,0.317,0,0,0
0,Normal,0.0,0.0,0.611,0.436,0,1,0
0,Normal,0.435,0.0,0.486,0.409,0,0,0
0,Normal,0.95,0.0,0.62,0.579,1,1,1
0,Normal,0.645,0.0,0.635,0.546,1,1,1
0,Normal,0.0,0.0,0.509,0.364,0,1,0
0,Normal,0.42,0.0,0.423,0.362,0,0,0
0,Normal,0.75,0.0,0.612,0.544,1,1,1
0,Normal,0.0,0.0,0.612,0.437,0,1,0
1,Generic,0.99,0.6,0.585,0.645,1,1,1
0,Normal,0.12,0.0,0.652,0.483,0,1,0
0,Normal,0.0,0.0,0.639,0.456,0,1,0
0,Normal,0.0,0.0,0.669,0.478,0,1,0
1,Generic,1.0,0.6,0.68,0.714,1,1,1
1,DoS,1.0,0.7,0.57,0.65,1,1,1
0,Normal,0.0,0.0,0.768,0.548,0,1,1
1,Generic,0.965,0.6,0.623,0.669,1,1,1
0,Normal,0.585,0.0,0.553,0.479,1,1,0
0,Normal,0.525,0.0,0.597,0.501,1,1,1
1,Generic,1.0,0.6,0.579,0.642,1,1,1
0,Normal,0.0,0.0,0.596,0.426,0,1,0
1,Analysis,0.96,0.55,0.522,0.589,1,1,1
0,Normal,0.0,0.0,0.618,0.441,0,1,0
1,Generic,1.0,0.6,0.812,0.808,1,1,1
1,Generic,1.0,0.6,0.685,0.718,1,1,1
0,Normal,0.0,0.0,0.614,0.439,0,1,0
1,Exploits,0.995,0.8,0.626,0.703,1,1,1
0,Normal,0.0,0.0,0.609,0.435,0,1,0
0,Normal,0.815,0.0,0.61,0.552,1,1,1
0,Normal,0.815,0.0,0.688,0.608,1,1,1
0,Normal,0.555,0.0,0.693,0.574,1,1,1
1,Fuzzers,0.825,0.35,0.704,0.671,1,1,1
1,Fuzzers,0.37,0.35,0.519,0.474,0,1,0
1,Shellcode,0.905,0.9,0.638,0.714,1,1,1
0,Normal,0.015,0.0,0.627,0.45,0,1,0
1,Generic,0.915,0.6,0.628,0.665,1,1,1
0,Normal,0.0,0.0,0.671,0.48,0,1,0
1,Generic,0.995,0.6,0.705,0.731,1,1,1
0,Normal,0.0,0.0,0.612,0.437,0,1,0
1,Fuzzers,0.75,0.35,0.696,0.654,1,1,1
1,Generic,1.0,0.6,0.516,0.597,1,1,1
0,Normal,0.0,0.0,0.531,0.379,0,1,0
1,Reconnaissance,1.0,0.4,0.443,0.517,1,0,1
0,Normal,0.0,0.0,0.486,0.347,0,0,0
1,DoS,1.0,0.7,0.601,0.672,1,1,1
0,Normal,0.0,0.0,0.636,0.454,0,1,0
1,Exploits,0.98,0.8,0.67,0.733,1,1,1
1,Generic,1.0,0.6,0.612,0.665,1,1,1
1,Fuzzers,0.79,0.35,0.382,0.436,1,0,0
1,Generic,1.0,0.6,0.578,0.641,1,1,1
1,Generic,1.0,0.6,0.423,0.531,1,0,1
0,Normal,0.0,0.0,0.535,0.382,0,1,0
0,Normal,0.755,0.0,0.636,0.562,1,1,1
0,Normal,0.0,0.0,0.63,0.45,0,1,0
0,Normal,0.0,0.0,0.484,0.346,0,0,0
0,Normal,0.545,0.0,0.428,0.383,1,0,0
1,DoS,1.0,0.7,0.584,0.66,1,1,1
0,Normal,0.305,0.0,0.669,0.521,0,1,1
0,Normal,0.0,0.0,0.693,0.495,0,1,0
0,Normal,0.0,0.0,0.554,0.396,0,1,0
1,Exploits,1.0,0.8,0.588,0.677,1,1,1
1,Generic,1.0,0.6,0.461,0.558,1,0,1
1,DoS,0.98,0.7,0.732,0.763,1,1,1
1,DoS,1.0,0.7,0.646,0.704,1,1,1
0,Normal,0.69,0.0,0.479,0.44,1,0,0
1,Reconnaissance,0.995,0.4,0.5,0.556,1,1,1
1,Generic,1.0,0.6,0.469,0.564,1,0,1
1,Generic,0.995,0.6,0.582,0.644,1,1,1
1,Fuzzers,0.745,0.35,0.44,0.471,1,0,0
1,Generic,0.99,0.6,0.382,0.5,1,0,0
1,Generic,1.0,0.6,0.349,0.478,1,0,0
